data_moran_type,noise_moran,data_moran,rmse,corr,ssim,coverage_rate,mape,nrmse
pos,0.0024656720961570484,0.00616001065541838,0.809618034149264,0.04449349474851814,0.05300603496073276,0.879,27.42610677346509,0.2839747073380521
pos,0.0024656720961570484,0.09349241387207337,0.8188529673105961,0.04834469590381148,0.05359872428089664,0.8793,24.59996510244621,0.2524331908969614
pos,0.0024656720961570484,0.6826718616465217,0.7902408015321387,0.035614380991039266,0.049813625756303485,0.8754,24.16579398780141,0.2235284411542578
pos,0.0024656720961570484,0.7901490161026219,0.8051211204649746,0.027096806361108106,0.04785162606202552,0.8758,19.361046990092063,0.27712899321095025
pos,0.0024656720961570484,0.9463923951737099,0.8119190676897129,0.04752934907492884,0.05556799295792507,0.8764,25.525178504027686,0.30325796573696523
pos,0.0024656720961570484,0.9751159243360307,0.7854833223456841,0.03994064888404345,0.049216208054166405,0.8706,20.767424346916155,0.311467679965916
pos,0.0024656720961570484,0.985281052243873,0.8078248219456957,0.02373809785840547,0.04133082958657195,0.8725,20.055722565917836,0.33069570437714935
pos,0.0024656720961570484,0.9900318460968314,0.805107374552949,0.03849209472511135,0.049640688545413876,0.8805,17.481330485475144,0.25953715784986486
pos,0.0024656720961570484,0.9928030017007318,0.7883256972341611,0.04587999820119081,0.05380604498459519,0.8684,27.201979628425814,0.2515466273600993
pos,0.010416822760047429,0.00616001065541838,0.7869419244008767,0.03063193294247688,0.04446814980214972,0.8732,9.866863763446736,0.2663326073421162
pos,0.010416822760047429,0.09349241387207337,0.7631751779696788,0.03567952933472613,0.04841782613645095,0.8607,8.616633609281585,0.2503541872698172
pos,0.010416822760047429,0.6826718616465217,0.7389861966241575,0.03793869678975963,0.05018939500359739,0.8518,9.03947785859395,0.3074881839186954
pos,0.010416822760047429,0.7901490161026219,0.79270145737633,0.026417439534702096,0.04522573881536338,0.8698,9.877105456583626,0.18129763281833575
pos,0.010416822760047429,0.9463923951737099,0.8007719990044119,0.040596841272191486,0.04474353971454621,0.875,9.208244674723474,0.2000796379757999
pos,0.010416822760047429,0.9751159243360307,0.7872770483035374,0.0363243432816955,0.04870487764800427,0.8739,9.359613790217416,0.26910764063327564
pos,0.010416822760047429,0.985281052243873,0.8002136182474646,0.03180493771148106,0.04588538829012596,0.8695,9.102756572532282,0.20153051198526717
pos,0.010416822760047429,0.9900318460968314,0.7562046972044542,0.04528156324071006,0.049935468791189416,0.8569,9.009255614611751,0.2597464573444629
pos,0.010416822760047429,0.9928030017007318,0.8181237862008107,0.04600985057113214,0.05263868806966434,0.8808,9.88902266255664,0.2504544137789039
pos,0.26801473143435683,0.00616001065541838,0.5278496525847337,0.0735492933856858,0.05547039276772515,0.8799,25.92022068546611,0.22870962457183086
pos,0.26801473143435683,0.09349241387207337,0.4986663433275648,0.03328528316263836,0.050308505780837266,0.8728,27.950919113186757,0.2769228954903716
pos,0.26801473143435683,0.6826718616465217,0.5028634723747608,0.06184206529962074,0.05934575169821624,0.8698,26.531502911519198,0.31716168858976646
pos,0.26801473143435683,0.7901490161026219,0.5160147543121603,0.04677438136410742,0.04851050096073276,0.8672,26.80429318010366,0.2991242081441723
pos,0.26801473143435683,0.9463923951737099,0.5242775595373701,0.03546295919481229,0.04811147055537411,0.8755,29.101196935890666,0.21812868995848775
pos,0.26801473143435683,0.9751159243360307,0.5509333672955042,0.05697688411804544,0.04967821142048083,0.8874,28.004501770342703,0.21497232989318588
pos,0.26801473143435683,0.985281052243873,0.5048277972891881,0.041742136469229925,0.04739939999715588,0.8604,23.36543426823242,0.2527508733514535
pos,0.26801473143435683,0.9900318460968314,0.49991460745713995,0.041296163661601194,0.04108274460403628,0.8576,27.108186198891254,0.3587727429764617
pos,0.26801473143435683,0.9928030017007318,0.5313183457129758,0.051687405935965026,0.04486080941314132,0.8726,27.792735812225672,0.32533158127777734
pos,0.45073020267867514,0.00616001065541838,0.4083872142623687,0.08599550013202253,0.06669336405319867,0.8741,39.90131491972039,0.29618403423497114
pos,0.45073020267867514,0.09349241387207337,0.40549815133805667,0.08016652055347703,0.06196058352213091,0.8824,50.47346587179773,0.3063436758792342
pos,0.45073020267867514,0.6826718616465217,0.396219146718748,0.07694054026991957,0.0657591610722834,0.8672,50.5524172788056,0.2506342823370107
pos,0.45073020267867514,0.7901490161026219,0.42204931241521926,0.08877865826488003,0.06489559724437172,0.887,52.77940658886539,0.3106868412400481
pos,0.45073020267867514,0.9463923951737099,0.40628586608183126,0.06125738289822893,0.06102138005372188,0.8755,64.13999394238428,0.33010178120770156
pos,0.45073020267867514,0.9751159243360307,0.40765930289384605,0.06662884485078556,0.05902282065630627,0.8709,31.560385155802937,0.28847603025467344
pos,0.45073020267867514,0.985281052243873,0.3927722210091346,0.07602823388353484,0.061485870240704434,0.865,52.814457292027335,0.3715852981101183
pos,0.45073020267867514,0.9900318460968314,0.4135282078212259,0.07179667170995216,0.05766574668199409,0.8769,58.60292975381987,0.3027858049392344
pos,0.45073020267867514,0.9928030017007318,0.37739807151263216,0.06389782070815608,0.06549780026445284,0.8575,72.46398740602216,0.3375574741852684
pos,0.5842502550423997,0.00616001065541838,0.335099474580189,0.1284674409442508,0.07807503931449833,0.8849,14.731189039012445,0.3060606706587697
pos,0.5842502550423997,0.09349241387207337,0.33420361819197636,0.08702168854781499,0.0608171734125412,0.8763,15.460530464260836,0.38229985116829096
pos,0.5842502550423997,0.6826718616465217,0.3311744105630739,0.10218318498997822,0.06935544645772068,0.8765,15.571809937421142,0.2994103525673342
pos,0.5842502550423997,0.7901490161026219,0.3381030984753511,0.11164405093408121,0.0720246776350908,0.8865,16.595360026026228,0.17614799945382845
pos,0.5842502550423997,0.9463923951737099,0.35334506010796324,0.11898988572305534,0.07252369945877843,0.8851,16.67053371308345,0.30845781904642255
pos,0.5842502550423997,0.9751159243360307,0.334480776812049,0.08811679786212936,0.06473687924436512,0.8782,15.833680123910352,0.26974445892194193
pos,0.5842502550423997,0.985281052243873,0.3476986578342482,0.11033775502590153,0.0701074645168913,0.8807,18.425382562759022,0.20472069033103513
pos,0.5842502550423997,0.9900318460968314,0.3373407579069383,0.10725205495477964,0.06222973892543844,0.8767,15.455730725170746,0.3230664144755559
pos,0.5842502550423997,0.9928030017007318,0.33635910501269595,0.08761469118533459,0.06581936244487227,0.8923,16.14280672998879,0.29812403889126327
pos,0.6725569400218279,0.00616001065541838,0.2891910498391764,0.15345557883525193,0.08622965527218304,0.8845,11.872793544997325,0.31296936134263104
pos,0.6725569400218279,0.09349241387207337,0.28127685561909965,0.15747271444503466,0.08681723894674276,0.8783,11.697212908812869,0.2681689983530504
pos,0.6725569400218279,0.6826718616465217,0.2791300824609818,0.12583965448439255,0.0833534423572804,0.8766,12.690156348084837,0.2860752396699966
pos,0.6725569400218279,0.7901490161026219,0.2726585329876447,0.1326819517680814,0.07731714899742066,0.8639,10.562673838321945,0.31169146131245573
pos,0.6725569400218279,0.9463923951737099,0.29067669989568984,0.14751293061860585,0.08263371013604834,0.885,12.977285368809541,0.28695672146843504
pos,0.6725569400218279,0.9751159243360307,0.27729628474904416,0.13668521193130245,0.0833402924659233,0.8791,11.503964281781505,0.3532963349531467
pos,0.6725569400218279,0.985281052243873,0.29417264451339814,0.11984133978360059,0.06924930819782497,0.8849,11.631319295586103,0.1883899023548992
pos,0.6725569400218279,0.9900318460968314,0.2938120547730463,0.1463993196020104,0.07837454351530879,0.89,12.35664373446309,0.3078578981049207
pos,0.6725569400218279,0.9928030017007318,0.28187213908460407,0.13912429612769353,0.09075899685166444,0.8779,12.023205343059509,0.3400928717580783
pos,0.7783243991513341,0.00616001065541838,0.21669835669041,0.21897922206900916,0.11097547267842223,0.8787,10.903987214621852,0.2399662288160301
pos,0.7783243991513341,0.09349241387207337,0.22740194102477923,0.22136571217864817,0.10683572248872612,0.8892,11.362575039824822,0.2609270055872401
pos,0.7783243991513341,0.6826718616465217,0.2196609172936591,0.19206629748071,0.11426590340030222,0.8727,10.509720161114371,0.28210719130930967
pos,0.7783243991513341,0.7901490161026219,0.21761165265366805,0.2439634419266523,0.11612030884716913,0.8831,11.361207771522846,0.3110817136299533
pos,0.7783243991513341,0.9463923951737099,0.22198986034964693,0.19787297155508,0.1101447304194119,0.8747,10.25919836686296,0.29874254079809376
pos,0.7783243991513341,0.9751159243360307,0.22395597981567206,0.1604369999878404,0.10020248997805245,0.876,10.457037871027532,0.2541486836071167
pos,0.7783243991513341,0.985281052243873,0.22616082886802363,0.22389969526251913,0.10970641409138385,0.8896,11.338810367648811,0.2205000393628726
pos,0.7783243991513341,0.9900318460968314,0.20842556184588504,0.2009181713268983,0.11837014089487814,0.8692,10.615630888123395,0.2837255290543707
pos,0.7783243991513341,0.9928030017007318,0.22507450035027637,0.21854084935018886,0.12055587198119412,0.883,11.485907305984846,0.3516600407175134
pos,0.9396717790663035,0.00616001065541838,0.0979931955361076,0.48538224510550776,0.1927508823334792,0.895,8.717553064932238,0.250044702065832
pos,0.9396717790663035,0.09349241387207337,0.09757502154263506,0.4811226191357581,0.19923644553671524,0.8911,8.565944070337068,0.2627928409853334
pos,0.9396717790663035,0.6826718616465217,0.09780821265708023,0.4899275050577065,0.2021724044240181,0.8959,8.800587834711529,0.24379098879674352
pos,0.9396717790663035,0.7901490161026219,0.0983279971081985,0.47591854364829994,0.19750209226054014,0.8983,9.075436762006841,0.22605588618243835
pos,0.9396717790663035,0.9463923951737099,0.09927925580220835,0.47746169882316986,0.2157332707250808,0.9017,8.76485251854009,0.2376527076550711
pos,0.9396717790663035,0.9751159243360307,0.09913413158261294,0.4755680572619075,0.21393927600393378,0.9099,9.514215074025598,0.2551493983511717
pos,0.9396717790663035,0.985281052243873,0.09742116486678544,0.4920190872084302,0.20701488082001832,0.8942,8.371352298608322,0.24546637438293878
pos,0.9396717790663035,0.9900318460968314,0.10112248464662155,0.49055479741166214,0.21410627970808596,0.9157,8.75140749397174,0.23072595579370883
pos,0.9396717790663035,0.9928030017007318,0.09713273832752303,0.4679757955161633,0.19105461386165853,0.8823,8.779392542396746,0.25674552457480826
pos,0.9722701355341671,0.00616001065541838,0.057819126340511534,0.6447743292725953,0.29083977346253204,0.924,14.459536958173043,0.20897997783552277
pos,0.9722701355341671,0.09349241387207337,0.056529359780586874,0.6288329925587336,0.2802718227019997,0.909,12.366824371145292,0.24884267560404008
pos,0.9722701355341671,0.6826718616465217,0.059145438380911075,0.638953652195816,0.3010086792944323,0.9291,14.606449170080333,0.2235932190624968
pos,0.9722701355341671,0.7901490161026219,0.056869019803375595,0.6428940078815644,0.31026376129967553,0.9164,16.103730503254557,0.20010673011959754
pos,0.9722701355341671,0.9463923951737099,0.05757385094850106,0.6264345403666328,0.2889527554532694,0.9179,18.607509743500156,0.23685277345658298
pos,0.9722701355341671,0.9751159243360307,0.057831952850333934,0.6506269779068925,0.30093789621320033,0.9255,15.082441680332874,0.24036744104094634
pos,0.9722701355341671,0.985281052243873,0.058727993138997035,0.631862278383959,0.29727659917044974,0.9169,13.826707199701113,0.20022324491193888
pos,0.9722701355341671,0.9900318460968314,0.05857550421575443,0.6104349900611169,0.2847073797285164,0.915,18.082105451792977,0.21721922702617089
pos,0.9722701355341671,0.9928030017007318,0.05841809048452401,0.6418018832027105,0.3044780839851322,0.9311,14.29076877001427,0.25090404746846445
pos,0.9831347424274329,0.00616001065541838,0.03684970172130812,0.744562816981279,0.38714356335485006,0.9337,7.144023252353597,0.18714513836952962
pos,0.9831347424274329,0.09349241387207337,0.03761480400308794,0.7326934636806808,0.37707313700516654,0.937,7.394833769025451,0.1960646768206183
pos,0.9831347424274329,0.6826718616465217,0.03793101612058461,0.7313498345375506,0.3835970943071473,0.9379,7.388932928566172,0.2273908873648825
pos,0.9831347424274329,0.7901490161026219,0.03783059487219665,0.7186215448581937,0.3789451642460305,0.9309,6.946735261356237,0.18508647670625136
pos,0.9831347424274329,0.9463923951737099,0.03777547512471612,0.7250595120949245,0.37700722619283494,0.935,6.9674258560461695,0.1779613992216521
pos,0.9831347424274329,0.9751159243360307,0.03845769626834408,0.7308348393223538,0.37474058972152935,0.9413,7.625921118331051,0.21498163258292902
pos,0.9831347424274329,0.985281052243873,0.03798601181229819,0.7636694675807817,0.41043060238997475,0.9581,7.222741243733234,0.1840262088944662
pos,0.9831347424274329,0.9900318460968314,0.03841096621669165,0.7359846995958502,0.3899354132671046,0.9433,6.87627279763516,0.19402165339660776
pos,0.9831347424274329,0.9928030017007318,0.03711893886762896,0.72203812814037,0.37963905382435675,0.9274,7.633132781920181,0.1879051351340584
pos,0.9886542446545953,0.00616001065541838,0.026831280165043922,0.7896114025004262,0.43828998937123786,0.9435,5.743605133927985,0.18253289499765882
pos,0.9886542446545953,0.09349241387207337,0.026158931749059863,0.8016966382204734,0.45931789179820903,0.9517,5.712611407098711,0.18386008638928333
pos,0.9886542446545953,0.6826718616465217,0.025954012695669486,0.7932270696538349,0.4332809860336117,0.9396,5.952886782994244,0.1545597533766291
pos,0.9886542446545953,0.7901490161026219,0.026637665322315453,0.7958959753873631,0.45233819636326095,0.9543,6.054512049075453,0.17470979468479197
pos,0.9886542446545953,0.9463923951737099,0.025112977122567645,0.8106426197380341,0.47036476547707756,0.9403,5.357676027486023,0.1640545947993438
pos,0.9886542446545953,0.9751159243360307,0.025732680947238972,0.8168567125288545,0.476998791785615,0.9624,5.52704986417241,0.19328931964122723
pos,0.9886542446545953,0.985281052243873,0.026008543935091936,0.7967011657944757,0.46912279144624863,0.95,5.885568993451079,0.16862012882161367
pos,0.9886542446545953,0.9900318460968314,0.026469384032794682,0.8009012714599031,0.4532773205743492,0.9503,5.619333038342304,0.1708853010503514
pos,0.9886542446545953,0.9928030017007318,0.02581951672225253,0.8104991333459178,0.47258521270607035,0.9571,5.76008643987303,0.17763192061169034
pos,0.9918687429664483,0.00616001065541838,0.01887033368000016,0.8505293777785128,0.49557038080571203,0.9483,4.687053213505214,0.16407629006396346
pos,0.9918687429664483,0.09349241387207337,0.018409546312735635,0.8560446532183056,0.5130678060209684,0.9536,4.621210615631817,0.14604224754995557
pos,0.9918687429664483,0.6826718616465217,0.01938911698046733,0.8506140524707294,0.4982488446619383,0.9642,4.7595642223177865,0.1500970539646352
pos,0.9918687429664483,0.7901490161026219,0.018927706987099197,0.8543996312571327,0.4987812721099773,0.9569,4.70480667397456,0.1946311482259295
pos,0.9918687429664483,0.9463923951737099,0.018403565867172577,0.8633933292050319,0.5202648948726583,0.9551,4.618562214970365,0.13972617958231326
pos,0.9918687429664483,0.9751159243360307,0.01837910181687389,0.8666878437401732,0.5320825895303478,0.9627,4.648496173269167,0.130827405362063
pos,0.9918687429664483,0.985281052243873,0.019517250782538187,0.8404222997351003,0.49352536601964214,0.9591,4.847333555659034,0.14105158664115588
pos,0.9918687429664483,0.9900318460968314,0.018727802626056028,0.8519034820928431,0.49900799250351086,0.9455,4.776802928049462,0.13387345020122798
pos,0.9918687429664483,0.9928030017007318,0.01896003052857278,0.8545882150033529,0.5113838051652428,0.9582,4.763559201961334,0.15486800064590014
pos,0.9938785317292541,0.00616001065541838,0.014530725366978612,0.8799750747920325,0.5496899789079656,0.9587,3.874542187402529,0.13931456335509076
pos,0.9938785317292541,0.09349241387207337,0.014604179722843051,0.881933690694237,0.5603521782612367,0.9645,3.9525273532659697,0.13750326092020365
pos,0.9938785317292541,0.6826718616465217,0.013747571891558816,0.890732111389421,0.5734230634381534,0.9548,3.6637610806243828,0.13033188448439068
pos,0.9938785317292541,0.7901490161026219,0.014304613687423718,0.88380223843114,0.5644631938976055,0.9606,3.7802458999242803,0.12968490651528622
pos,0.9938785317292541,0.9463923951737099,0.013546527543269295,0.8953246508415396,0.5728102774266491,0.9584,3.7302073655754424,0.13015315345019612
pos,0.9938785317292541,0.9751159243360307,0.0144112816747558,0.8848118929128904,0.558794753720402,0.9613,4.063525613727202,0.14475401085084627
pos,0.9938785317292541,0.985281052243873,0.014593421894923055,0.8889180640705061,0.5616573997944143,0.9703,3.923217022046224,0.1425475446464475
pos,0.9938785317292541,0.9900318460968314,0.014410600646865739,0.8942671559437099,0.5683469515840225,0.9696,3.8807721376069053,0.13789044122104704
pos,0.9938785317292541,0.9928030017007318,0.014585781050188753,0.8851759930601203,0.5652823525970783,0.9602,3.799821413032307,0.14581588512684016
pos,0.995277811538734,0.00616001065541838,0.01090542541678376,0.9153210984227071,0.639247689184787,0.9644,4.173529983443057,0.13410966030864976
pos,0.995277811538734,0.09349241387207337,0.011054855446799364,0.9215411273170875,0.6417886053506606,0.9815,4.340055901212017,0.1340327102251856
pos,0.995277811538734,0.6826718616465217,0.01081644113911459,0.912166652191479,0.627344862315697,0.9593,4.1626997837197,0.15797597472899336
pos,0.995277811538734,0.7901490161026219,0.01130168205540681,0.9109559345968207,0.6275494960587933,0.9792,4.540186697617227,0.13268282056958197
pos,0.995277811538734,0.9463923951737099,0.011043710311822934,0.9190494715621694,0.6333876933991881,0.9803,4.3042861038820135,0.18826841060917412
pos,0.995277811538734,0.9751159243360307,0.010975288488991774,0.9163840717621512,0.6439331137215211,0.9708,4.253680432098481,0.13404661375297722
pos,0.995277811538734,0.985281052243873,0.010993049824929773,0.9209451035950845,0.6452661910682072,0.9803,4.161015228954927,0.14071858389091
pos,0.995277811538734,0.9900318460968314,0.010876402278767017,0.9096720455821119,0.6265463680300732,0.9519,4.430142302720904,0.17848076177709568
pos,0.995277811538734,0.9928030017007318,0.011190609968131659,0.9066522032392887,0.6351015315973898,0.9717,4.669087085824112,0.13241172495228207
neg,0.0024656720961570484,-0.1410495438128567,0.8187572768258127,0.04693281463599557,0.054297282638752116,0.8824,21.186494490734177,0.3489287504399335
neg,0.0024656720961570484,-0.4762218133233407,0.772877613409083,0.0497612120926363,0.04803129612339884,0.8601,20.389275802459004,0.25549346240024695
neg,0.0024656720961570484,-0.6700090675545946,0.7859486848863567,0.05580454106612487,0.058298278439007985,0.874,21.16286003379819,0.3198167559505604
neg,0.0024656720961570484,-0.7800832000423832,0.7986475771228936,0.03740589892686878,0.04649489648870882,0.8755,24.557446931276303,0.38233340143180505
neg,0.0024656720961570484,-0.8446215842549725,0.8268977919397998,0.025777078311291772,0.038793044866756034,0.8809,23.223434040166126,0.2519160847241923
neg,0.0024656720961570484,-0.8846289036488941,0.8170404576549379,0.027018960775702334,0.04520489582176915,0.8691,15.704888355831098,0.28142099425874134
neg,0.0024656720961570484,-0.9110327728305374,0.8226646325116488,0.03437596155123951,0.04636662701705097,0.8739,18.960096402998683,0.2637973233648541
neg,0.0024656720961570484,-0.9293912726389735,0.799046151825447,0.02385126962979464,0.041742424817387,0.8672,20.07312955304014,0.18473274138046702
neg,0.0024656720961570484,-0.9426611508918318,0.8022030999084372,0.040505455272598904,0.04751778333166443,0.8746,18.500383425670567,0.4255122786311386
neg,0.010416822760047429,-0.1410495438128567,0.7872655975356918,0.04709879609114266,0.05439579944398832,0.8711,9.182491588462836,0.29426006802526117
neg,0.010416822760047429,-0.4762218133233407,0.8224994331908009,0.03935544096273879,0.048226288386953656,0.8788,9.27837185179444,0.22349594950481044
neg,0.010416822760047429,-0.6700090675545946,0.8000475809220938,0.04406383357730005,0.04898453964866584,0.8743,9.434139622639682,0.31631824237441625
neg,0.010416822760047429,-0.7800832000423832,0.8427694312389833,0.04311436088391201,0.05525295614853666,0.8911,10.638348947292489,0.2515596126045024
neg,0.010416822760047429,-0.8446215842549725,0.8075567800374459,0.03933658544880169,0.05035248875486801,0.882,9.693899547842,0.27673125561406325
neg,0.010416822760047429,-0.8846289036488941,0.7933272473105974,0.05288764022512622,0.052485405931586196,0.88,9.591215029858645,0.28258361058929204
neg,0.010416822760047429,-0.9110327728305374,0.7990847504654234,0.033309368135377604,0.048612418642597625,0.8823,9.767251585681368,0.28993962980878535
neg,0.010416822760047429,-0.9293912726389735,0.7965495101428297,0.04469407066224899,0.05401786248433156,0.8722,9.393682475058633,0.19296789143504806
neg,0.010416822760047429,-0.9426611508918318,0.777288399029509,0.04750324010116135,0.051335470141785064,0.879,9.027872351326332,0.3225001787451113
neg,0.26801473143435683,-0.1410495438128567,0.5523458521700134,0.059543171165192636,0.05022888772443449,0.8928,29.06356805895752,0.30240732927169195
neg,0.26801473143435683,-0.4762218133233407,0.521701239598531,0.04936436799377176,0.05316409858837815,0.879,26.293835388930628,0.31662298951529233
neg,0.26801473143435683,-0.6700090675545946,0.5277528038124712,0.02993100533894266,0.040289757900446393,0.8703,23.37259636921138,0.27343738351151325
neg,0.26801473143435683,-0.7800832000423832,0.49370110635933656,0.05357382790939181,0.05121376120891024,0.8613,26.418130173163163,0.1939372077549567
neg,0.26801473143435683,-0.8446215842549725,0.5044236789039167,0.04139139691137598,0.04708386661234833,0.8707,27.751018421821772,0.32223558352792986
neg,0.26801473143435683,-0.8846289036488941,0.5452414195909113,0.06908244332689158,0.05588331414050319,0.8966,26.068526210415566,0.31167087739595106
neg,0.26801473143435683,-0.9110327728305374,0.5168828964842735,0.059111804533309685,0.050097991625204424,0.8689,28.19471829217696,0.20814402118773692
neg,0.26801473143435683,-0.9293912726389735,0.5217094424547938,0.04571205299535927,0.04438483092501388,0.8718,27.787362098964238,0.3275678221450324
neg,0.26801473143435683,-0.9426611508918318,0.5269561839921567,0.07387292291191606,0.05246424361441961,0.8798,25.417965619539203,0.20358820333714586
neg,0.45073020267867514,-0.1410495438128567,0.4073389385030171,0.074285879792415,0.05825310795520743,0.8746,72.24100109579985,0.3237098216643611
neg,0.45073020267867514,-0.4762218133233407,0.41794425427047616,0.0664084855188614,0.055035975316206465,0.8873,48.17670140246698,0.3194498357760166
neg,0.45073020267867514,-0.6700090675545946,0.3891626817500777,0.0723809800926902,0.058055770246567516,0.8584,51.324300181684414,0.30194568366019603
neg,0.45073020267867514,-0.7800832000423832,0.39468018263857346,0.06431972607653194,0.06425034152393455,0.8678,53.37447217682594,0.2708772674819181
neg,0.45073020267867514,-0.8446215842549725,0.41705756946865336,0.09793724553124426,0.06520615310058213,0.8897,51.89231898386102,0.32098798706958653
neg,0.45073020267867514,-0.8846289036488941,0.41763120367982226,0.0829154243426947,0.06926009415394063,0.8771,40.73769547657904,0.3094425009736521
neg,0.45073020267867514,-0.9110327728305374,0.3834981395513266,0.0961270666151854,0.06806642059957864,0.8762,47.414228673677165,0.27843697402476797
neg,0.45073020267867514,-0.9293912726389735,0.39509842343489515,0.07796536811551749,0.059164818369403446,0.8729,41.51160479148456,0.30565608165530816
neg,0.45073020267867514,-0.9426611508918318,0.4288419928764439,0.08455022615599488,0.06613462408105998,0.8822,48.729221787500755,0.36185542474138754
neg,0.5842502550423997,-0.1410495438128567,0.3313779231613752,0.1358715488355947,0.08113755251895036,0.8771,15.033493817521107,0.28467040247662917
neg,0.5842502550423997,-0.4762218133233407,0.32262758761063914,0.09411238048759848,0.07673067259369008,0.8716,14.235866097703408,0.2852912906609423
neg,0.5842502550423997,-0.6700090675545946,0.3388010164910576,0.10741226631472199,0.06719518291392369,0.8828,16.157040732480876,0.31714907029311123
neg,0.5842502550423997,-0.7800832000423832,0.33789073623981997,0.11390052771366622,0.07411272895378378,0.8764,15.880357640433623,0.29864253167834043
neg,0.5842502550423997,-0.8446215842549725,0.3295242933388564,0.10913838300898528,0.07145738449317283,0.8761,18.11137045672695,0.32348651035674336
neg,0.5842502550423997,-0.8846289036488941,0.3330788871188624,0.13117425788817855,0.08194641333775854,0.8789,15.21926851887903,0.3061953473179549
neg,0.5842502550423997,-0.9110327728305374,0.32922460450598073,0.12852619881859215,0.08328866149293876,0.8786,14.640744478469829,0.28421027653358893
neg,0.5842502550423997,-0.9293912726389735,0.3258723510847053,0.1308332923493885,0.07955444575118219,0.8898,15.205899263318456,0.3435741048676395
neg,0.5842502550423997,-0.9426611508918318,0.32756578116806123,0.11720421654799666,0.07500633401933632,0.8811,14.953407549839458,0.32697569413935634
neg,0.6725569400218279,-0.1410495438128567,0.27529671065846467,0.13660608032833796,0.0770535905173825,0.8651,11.149996511572041,0.2844035537175932
neg,0.6725569400218279,-0.4762218133233407,0.28352752992842933,0.14397923688479547,0.08152948222017585,0.8823,12.417582048598302,0.2627126970335594
neg,0.6725569400218279,-0.6700090675545946,0.2798643697773111,0.14435755382688015,0.09226785235475067,0.8767,12.175566390762167,0.31979020504846667
neg,0.6725569400218279,-0.7800832000423832,0.28000682944596716,0.13583301795750327,0.07822658224636064,0.8673,12.106605079746338,0.35664477282187307
neg,0.6725569400218279,-0.8446215842549725,0.28784448159143605,0.15753192300849517,0.0899624025601011,0.889,11.706535591652745,0.30581422971866634
neg,0.6725569400218279,-0.8846289036488941,0.29270554615439504,0.14551932264634684,0.0896864638064864,0.8887,13.106852987069693,0.3447413272021237
neg,0.6725569400218279,-0.9110327728305374,0.2961548610269081,0.14852996362538023,0.08650737773356258,0.8729,12.129086511743342,0.3369950374255291
neg,0.6725569400218279,-0.9293912726389735,0.2828976888210412,0.13657335535594253,0.08757133130135013,0.8777,12.22559689202614,0.2905753472857808
neg,0.6725569400218279,-0.9426611508918318,0.28921981234287336,0.16497341185765071,0.09086257518095986,0.88,12.764236889184975,0.302373954158127
neg,0.7783243991513341,-0.1410495438128567,0.21786782705672075,0.20268012879847858,0.10534775764619575,0.8765,10.412378719357948,0.22717993301823788
neg,0.7783243991513341,-0.4762218133233407,0.23040221501953187,0.2033829002873581,0.10538712686377091,0.8883,10.83654040400664,0.3178398943326034
neg,0.7783243991513341,-0.6700090675545946,0.2197175778746333,0.22234955570222226,0.111377193478595,0.8815,10.516892646871186,0.24267046677039025
neg,0.7783243991513341,-0.7800832000423832,0.2152642393077597,0.21014618568947188,0.11241661027383605,0.8647,10.225372082729875,0.32726991882676737
neg,0.7783243991513341,-0.8446215842549725,0.23417595314681605,0.2266876377130123,0.1148196518524316,0.8947,11.374734571120165,0.2542926103642275
neg,0.7783243991513341,-0.8846289036488941,0.2142224307500116,0.17679710305815366,0.10113583000969957,0.8676,10.223483180084719,0.24806646634608248
neg,0.7783243991513341,-0.9110327728305374,0.23041018284832873,0.1974034878541216,0.10735666642609117,0.8877,10.600794469842622,0.21136357172122025
neg,0.7783243991513341,-0.9293912726389735,0.23048201566241613,0.2054828310660607,0.1093656458188568,0.8777,11.1797853288383,0.18321134068007694
neg,0.7783243991513341,-0.9426611508918318,0.23094526639846838,0.21989280031566633,0.1120769239787507,0.8919,11.267956435322748,0.25627648459645536
neg,0.9396717790663035,-0.1410495438128567,0.0991952929129896,0.5039910780946797,0.21586155970964788,0.9081,9.37937634086826,0.22152867098596288
neg,0.9396717790663035,-0.4762218133233407,0.09659964839309493,0.49096099786397557,0.19818129922955116,0.8951,8.883035742307172,0.22609057597620488
neg,0.9396717790663035,-0.6700090675545946,0.09669618995127507,0.5023711475239794,0.22112196315238292,0.9017,8.738791641572861,0.2021656090257069
neg,0.9396717790663035,-0.7800832000423832,0.10172298370222121,0.4880454779512222,0.19209577713609868,0.9097,8.611081254824246,0.20208545241467724
neg,0.9396717790663035,-0.8446215842549725,0.10134450886329402,0.5041420145062421,0.20852256664361365,0.9061,8.617907606355432,0.23641123359031085
neg,0.9396717790663035,-0.8846289036488941,0.09909940797886278,0.48294666238975653,0.18743644254174163,0.8996,8.762656676102488,0.23294976840928125
neg,0.9396717790663035,-0.9110327728305374,0.09879025578681735,0.4755777362060057,0.20479115191684466,0.8972,8.826754622846291,0.204766640482928
neg,0.9396717790663035,-0.9293912726389735,0.09386852972298547,0.5024069852181087,0.21500022460492227,0.8926,8.817421015155375,0.19735005193903546
neg,0.9396717790663035,-0.9426611508918318,0.10034633935762055,0.47943802905723576,0.2036713916029383,0.9057,9.088025910677656,0.20618214188094494
neg,0.9722701355341671,-0.1410495438128567,0.05835962021220599,0.6314385566574027,0.2914607582892155,0.9233,18.69586878760413,0.20322934612693797
neg,0.9722701355341671,-0.4762218133233407,0.05744116231903813,0.6593706144103396,0.32048777987944205,0.9249,13.48110624697186,0.20406889361935154
neg,0.9722701355341671,-0.6700090675545946,0.05684763437843618,0.6653938108303812,0.2931832298923284,0.9313,15.394082332449056,0.25442773210067415
neg,0.9722701355341671,-0.7800832000423832,0.059661226214279155,0.6569506368698635,0.30394044396970776,0.9323,18.355038120046316,0.21744374408213318
neg,0.9722701355341671,-0.8446215842549725,0.05901033645517417,0.6047528122586721,0.2850865952967945,0.917,18.920749560725636,0.19973029242085663
neg,0.9722701355341671,-0.8846289036488941,0.059212337703942956,0.6437122680320895,0.29605951501033884,0.9277,16.650088547286803,0.21842945249508222
neg,0.9722701355341671,-0.9110327728305374,0.05778622456606688,0.6400286418091432,0.304723624637389,0.9251,16.348926938223528,0.24471797888891128
neg,0.9722701355341671,-0.9293912726389735,0.056186438034172774,0.6426551360051672,0.3057962905321606,0.9094,16.176926281400824,0.21639447815080728
neg,0.9722701355341671,-0.9426611508918318,0.057367503740624846,0.6500528009863258,0.3015424057498959,0.9208,15.088208354548362,0.1974470488183428
neg,0.9831347424274329,-0.1410495438128567,0.037553283959031264,0.7351549182109458,0.3939690994062381,0.9411,7.141651361936081,0.2217965222881362
neg,0.9831347424274329,-0.4762218133233407,0.03688221750827399,0.7428551700126365,0.3902166390471272,0.9285,7.445077275019065,0.1898314679172314
neg,0.9831347424274329,-0.6700090675545946,0.037499444378828545,0.7516554998226975,0.3907683814625648,0.9473,7.320849187370643,0.20275293953313486
neg,0.9831347424274329,-0.7800832000423832,0.0375144573447074,0.7309610829980566,0.3906626983174453,0.9369,6.975855298984129,0.1788153834563386
neg,0.9831347424274329,-0.8446215842549725,0.038913933275019026,0.7367146944419389,0.40204291752656457,0.952,7.585806105447876,0.19064105165955514
neg,0.9831347424274329,-0.8846289036488941,0.03771643469448848,0.7413317061099545,0.37411802731923344,0.9417,7.282627338930379,0.18734321501055656
neg,0.9831347424274329,-0.9110327728305374,0.03830891740892255,0.729458912805462,0.3995232273463788,0.9431,6.993765302280872,0.19077152881698414
neg,0.9831347424274329,-0.9293912726389735,0.03659327958958061,0.7245543787681081,0.3948414477258035,0.9192,6.468617662202608,0.18481372931113924
neg,0.9831347424274329,-0.9426611508918318,0.03887965423507722,0.7352973597690801,0.37898448781322586,0.9432,6.98148250142101,0.2032202018115611
neg,0.9886542446545953,-0.1410495438128567,0.025649182735242734,0.790405234415928,0.45864924006765506,0.9377,5.494048249108813,0.17162039288384082
neg,0.9886542446545953,-0.4762218133233407,0.026818222465391003,0.7895755363337771,0.4505769285724978,0.9562,6.1357618902826365,0.19201686648644298
neg,0.9886542446545953,-0.6700090675545946,0.025899843010936473,0.7995933673714389,0.4526776810084839,0.9437,5.846246328166826,0.15900532758197689
neg,0.9886542446545953,-0.7800832000423832,0.025117385569986467,0.8123324762002677,0.4690447914006075,0.9414,5.6717327851235275,0.17631274889107373
neg,0.9886542446545953,-0.8446215842549725,0.026228146779285456,0.821945180040591,0.4750407916114955,0.9665,5.739265533413813,0.16945117444284213
neg,0.9886542446545953,-0.8846289036488941,0.026147131301607597,0.7888179584170586,0.4481165586079811,0.9369,5.573608329825297,0.17972194517457937
neg,0.9886542446545953,-0.9110327728305374,0.025835251032308354,0.7975950894297912,0.4532579193863771,0.9407,5.796749732003342,0.16044561976733912
neg,0.9886542446545953,-0.9293912726389735,0.025856541923044048,0.8071326613593826,0.458795342907537,0.9451,5.952854072511909,0.152530304203216
neg,0.9886542446545953,-0.9426611508918318,0.025841632424206545,0.819026015157832,0.45975335639045317,0.9525,5.77619444571321,0.16924963451119995
neg,0.9918687429664483,-0.1410495438128567,0.01857335776521681,0.8615372364623858,0.5064779442835424,0.9597,4.614974405299895,0.18311648422813892
neg,0.9918687429664483,-0.4762218133233407,0.018654769536131512,0.8554528689169973,0.519232491340945,0.9549,4.5575047347619435,0.16556523769818893
neg,0.9918687429664483,-0.6700090675545946,0.019803343538937455,0.8441929937223069,0.47915733619675804,0.9577,4.9571701719050285,0.15277861067014686
neg,0.9918687429664483,-0.7800832000423832,0.018389978233082346,0.8560915166319025,0.524116143724132,0.956,4.684618399552967,0.1753500763932353
neg,0.9918687429664483,-0.8446215842549725,0.018524841228876446,0.847225313415299,0.5099093945759768,0.9412,4.5410045611934,0.1436108253114448
neg,0.9918687429664483,-0.8846289036488941,0.019119124545568335,0.8415483933926663,0.49666642689520796,0.9463,4.862355459321719,0.16435785915104237
neg,0.9918687429664483,-0.9110327728305374,0.018503077364061937,0.8602363043914,0.5120214992922082,0.9533,4.904598219295042,0.1523650364701114
neg,0.9918687429664483,-0.9293912726389735,0.019098916977021606,0.8564048163856398,0.5088611037244523,0.9647,4.644083367249834,0.1651670953695104
neg,0.9918687429664483,-0.9426611508918318,0.018987613598792464,0.852126796572487,0.5035451018013593,0.9517,4.608680828157108,0.13938729261242602
neg,0.9938785317292541,-0.1410495438128567,0.014706520006480862,0.881606061170684,0.5464109740514141,0.9628,3.903879734995366,0.13006204481679276
neg,0.9938785317292541,-0.4762218133233407,0.013770116559294783,0.8981543735102442,0.5699703644236321,0.9579,3.6595574015853196,0.14735986422211822
neg,0.9938785317292541,-0.6700090675545946,0.014044517523979139,0.8828540689478777,0.5551078720521829,0.948,3.6176401608128748,0.1258956093083905
neg,0.9938785317292541,-0.7800832000423832,0.014456447873020776,0.8799299939980395,0.5728708466889284,0.961,3.8210515299943695,0.12719806290299662
neg,0.9938785317292541,-0.8446215842549725,0.014051118134564671,0.8927207607181169,0.5633422214419692,0.9664,3.58499060272157,0.1405307076890725
neg,0.9938785317292541,-0.8846289036488941,0.013662396037042666,0.8920939342213827,0.564464831961352,0.9577,3.852771645588169,0.13991654235084014
neg,0.9938785317292541,-0.9110327728305374,0.014462190796182654,0.8804310854705716,0.5544129787154244,0.958,3.841715958915842,0.18786859257989047
neg,0.9938785317292541,-0.9293912726389735,0.014270996643792404,0.8895913987147414,0.578034767922304,0.9661,3.7626135286546947,0.16610849045748846
neg,0.9938785317292541,-0.9426611508918318,0.013849013790251994,0.8893053872877783,0.5719034972739655,0.9578,3.7175007016966632,0.13946753963379102
neg,0.995277811538734,-0.1410495438128567,0.011084214969520376,0.9087727011672622,0.6277091032953973,0.9593,4.522332299132571,0.14924164147669447
neg,0.995277811538734,-0.4762218133233407,0.010987579873589934,0.9169782515220111,0.6276393993468581,0.9722,4.468483526655893,0.1396418463115131
neg,0.995277811538734,-0.6700090675545946,0.010989798775554963,0.9169100267617497,0.6370859719509402,0.9712,4.316158738739553,0.1610611904367205
neg,0.995277811538734,-0.7800832000423832,0.011042688526763923,0.9164148221551695,0.6374269537660946,0.9782,3.8800427436294154,0.1343182992811512
neg,0.995277811538734,-0.8446215842549725,0.01083166776540759,0.9258670700262523,0.6463633978900523,0.9794,4.255065035489035,0.12734639475555823
neg,0.995277811538734,-0.8846289036488941,0.010964321715698515,0.9177902922333526,0.6462964919220945,0.9741,4.378735145442069,0.14966931067146816
neg,0.995277811538734,-0.9110327728305374,0.011144424482391216,0.9204195516735817,0.6402570275189043,0.9841,4.509816549392447,0.1367380070481679
neg,0.995277811538734,-0.9293912726389735,0.011380413772710535,0.8999585707489706,0.624102780400721,0.9693,4.463048130132271,0.14840924080570292
neg,0.995277811538734,-0.9426611508918318,0.010866991044566185,0.9221897811543762,0.6447447994424588,0.9759,4.4107952540431,0.15055067986957762
